First Name,Middle Name,Last Name,Telephone No.,Directorate,Date Time Added
Alice,Marie,Johnson,07123456781,Agri Food Chain Directorate,2025-11-03 14:30:00
Benjamin,Lee,Smith,02079461023,Environment Quality Directorate,2025-11-03 14:30:00
Charlotte,Anne,Brown,07455982341,Animal and Plant Health Directorate,2025-11-03 14:30:00
Daniel,James,Wilson,01612345678,Digital Data and Technology Services Directorate,2025-11-03 14:30:00
Ella,Grace,Taylor,07890112233,Water and Flood Management Directorate,2025-11-03 14:30:00
Freddie,Michael,Anderson,01132459988,Science Capability in Animal Health Directorate,2025-11-03 14:30:00
Georgia,May,Thomas,07912334455,Analysis Directorate,2025-11-03 14:30:00
Harry,John,Jackson,02920491122,Transformation Directorate,2025-11-03 14:30:00
Isla,Kate,White,07700900123,Environment and Rural Group,2025-11-03 14:30:00
Jack,Oliver,Harris,01216435567,Food and Farming Group,2025-11-03 14:30:00
Hannah,Elizabeth,Martin,07567891234,Corporate Services Directorate,2025-11-03 14:30:00
Liam,Thomas,Garcia,01312349876,Legal Services Directorate,2025-11-03 14:30:00
Mia,Sophia,Martinez,07004561234,Human Resources Directorate,2025-11-03 14:30:00
Noah,Alexander,Robinson,01412345678,Finance Directorate,2025-11-03 14:30:00
Olivia,Isabella,Clark,07654321987,Communications Directorate,2025-11-03 14:30:00
Paul,David,Rodriguez,01512349876,Policy Directorate,2025-11-03 14:30:00
Quinn,James,Lewis,07891234567,International Directorate,2025-11-03 14:30:00
Ruby,Grace,Lee,01159872345,Environmental Protection Directorate,2025-11-03 14:30:00
Samuel,Joseph,Walker,01619872345,Research and Innovation Directorate,2025-11-03 14:30:00
John,Nick,Smith,01834559034,Water and Flood Management Directorate,2025-11-03 13:37:20
Steve,Nickolas,Smit,01834554567,Science Capability in Animal Health Directorate,2025-11-03 13:39:08
